season,season_start_year,league_key,team_name,squad_market_value_eur,top_players,injured_players,injured_top_player_count,stadium_capacity
2021/2022,2021,super_lig,Fenerbahce,24780000000.0,[],[],0,
2021/2022,2021,super_lig,Galatasaray,34475000000.0,[],[],0,
2021/2022,2021,super_lig,Trabzonspor,11450000000.0,[],[],0,
2021/2022,2021,super_lig,Besiktas JK,18510000000.0,[],[],0,
2021/2022,2021,super_lig,Basaksehir FK,7210000000.0,[],[],0,
2021/2022,2021,super_lig,Alanyaspor,3085000000.0,[],[],0,
2021/2022,2021,super_lig,Konyaspor,3835000000.0,[],[],0,
2021/2022,2021,super_lig,Adana Demirspor,123000000.0,[],[],0,
2021/2022,2021,super_lig,Kasimpasa,2775000000.0,[],[],0,
2021/2022,2021,super_lig,Kayserispor,2790000000.0,[],[],0,
2021/2022,2021,super_lig,Antalyaspor,2240000000.0,[],[],0,
2021/2022,2021,super_lig,Hatayspor,332000000.0,[],[],0,
2021/2022,2021,super_lig,Fatih Karagümrük,1485000000.0,[],[],0,
2021/2022,2021,super_lig,Giresunspor,21.0,[],[],0,
2021/2022,2021,super_lig,Sivasspor,1210000000.0,[],[],0,
2021/2022,2021,super_lig,Gaziantep FK,3000000000.0,[],[],0,
2021/2022,2021,super_lig,Göztepe,5713000000.0,[],[],0,
2021/2022,2021,super_lig,Caykur Rizespor,4000000000.0,[],[],0,
2021/2022,2021,super_lig,Yeni Malatyaspor,65000.0,[],[],0,
2021/2022,2021,super_lig,Altay SK,21.0,[],[],0,
2022/2023,2022,super_lig,Galatasaray,34475000000.0,[],[],0,
2022/2023,2022,super_lig,Fenerbahce,24780000000.0,[],[],0,
2022/2023,2022,super_lig,Trabzonspor,11450000000.0,[],[],0,
2022/2023,2022,super_lig,Besiktas JK,18510000000.0,[],[],0,
2022/2023,2022,super_lig,Basaksehir FK,7210000000.0,[],[],0,
2022/2023,2022,super_lig,Adana Demirspor,123000000.0,[],[],0,
2022/2023,2022,super_lig,Konyaspor,3835000000.0,[],[],0,
2022/2023,2022,super_lig,Alanyaspor,3085000000.0,[],[],0,
2022/2023,2022,super_lig,Antalyaspor,2240000000.0,[],[],0,
2022/2023,2022,super_lig,MKE Ankaragücü,209000000.0,[],[],0,
2022/2023,2022,super_lig,Fatih Karagümrük,1485000000.0,[],[],0,
2022/2023,2022,super_lig,Kasimpasa,2775000000.0,[],[],0,
2022/2023,2022,super_lig,Kayserispor,2790000000.0,[],[],0,
2022/2023,2022,super_lig,Sivasspor,1210000000.0,[],[],0,
2022/2023,2022,super_lig,Gaziantep FK,3000000000.0,[],[],0,
2022/2023,2022,super_lig,Hatayspor,332000000.0,[],[],0,
2022/2023,2022,super_lig,Istanbulspor,863000000.0,[],[],0,
2022/2023,2022,super_lig,Giresunspor,22.0,[],[],0,
2022/2023,2022,super_lig,Ümraniyespor,753000000.0,[],[],0,
2023/2024,2023,super_lig,Galatasaray,34475000000.0,[],[],0,
2023/2024,2023,super_lig,Fenerbahce,24780000000.0,[],[],0,
2023/2024,2023,super_lig,Besiktas JK,18510000000.0,[],[],0,
2023/2024,2023,super_lig,Trabzonspor,11450000000.0,[],[],0,
2023/2024,2023,super_lig,Basaksehir FK,7210000000.0,[],[],0,
2023/2024,2023,super_lig,Adana Demirspor,123000000.0,[],[],0,
2023/2024,2023,super_lig,Samsunspor,5235000000.0,[],[],0,
2023/2024,2023,super_lig,Caykur Rizespor,4000000000.0,[],[],0,
2023/2024,2023,super_lig,Kayserispor,2790000000.0,[],[],0,
2023/2024,2023,super_lig,MKE Ankaragücü,209000000.0,[],[],0,
2023/2024,2023,super_lig,Alanyaspor,3085000000.0,[],[],0,
2023/2024,2023,super_lig,Fatih Karagümrük,1485000000.0,[],[],0,
2023/2024,2023,super_lig,Konyaspor,3835000000.0,[],[],0,
2023/2024,2023,super_lig,Antalyaspor,2240000000.0,[],[],0,
2023/2024,2023,super_lig,Sivasspor,1210000000.0,[],[],0,
2023/2024,2023,super_lig,Kasimpasa,2775000000.0,[],[],0,
2023/2024,2023,super_lig,Hatayspor,332000000.0,[],[],0,
2023/2024,2023,super_lig,Gaziantep FK,3000000000.0,[],[],0,
2023/2024,2023,super_lig,Pendikspor,928000000.0,[],[],0,
2023/2024,2023,super_lig,Istanbulspor,863000000.0,[],[],0,
2024/2025,2024,super_lig,Galatasaray,34475000000.0,[],[],0,
2024/2025,2024,super_lig,Fenerbahce,24780000000.0,[],[],0,
2024/2025,2024,super_lig,Besiktas JK,18510000000.0,[],[],0,
2024/2025,2024,super_lig,Trabzonspor,11450000000.0,[],[],0,
2024/2025,2024,super_lig,Basaksehir FK,7210000000.0,[],[],0,
2024/2025,2024,super_lig,Göztepe,5713000000.0,[],[],0,
2024/2025,2024,super_lig,Caykur Rizespor,4000000000.0,[],[],0,
2024/2025,2024,super_lig,Eyüpspor,1375000000.0,[],[],0,
2024/2025,2024,super_lig,Kasimpasa,2775000000.0,[],[],0,
2024/2025,2024,super_lig,Samsunspor,5235000000.0,[],[],0,
2024/2025,2024,super_lig,Alanyaspor,3085000000.0,[],[],0,
2024/2025,2024,super_lig,Gaziantep FK,3000000000.0,[],[],0,
2024/2025,2024,super_lig,Konyaspor,3835000000.0,[],[],0,
2024/2025,2024,super_lig,Kayserispor,2790000000.0,[],[],0,
2024/2025,2024,super_lig,Antalyaspor,2240000000.0,[],[],0,
2024/2025,2024,super_lig,Bodrum FK,1378000000.0,[],[],0,
2024/2025,2024,super_lig,Adana Demirspor,123000000.0,[],[],0,
2024/2025,2024,super_lig,Hatayspor,332000000.0,[],[],0,
2024/2025,2024,super_lig,Sivasspor,1210000000.0,[],[],0,
2025/2026,2025,super_lig,Galatasaray,34475000000.0,[],[],0,
2025/2026,2025,super_lig,Fenerbahce,24780000000.0,[],[],0,
2025/2026,2025,super_lig,Besiktas JK,18510000000.0,[],[],0,
2025/2026,2025,super_lig,Trabzonspor,11450000000.0,[],[],0,
2025/2026,2025,super_lig,Basaksehir FK,7210000000.0,[],[],0,
2025/2026,2025,super_lig,Göztepe,5713000000.0,[],[],0,
2025/2026,2025,super_lig,Samsunspor,5235000000.0,[],[],0,
2025/2026,2025,super_lig,Caykur Rizespor,4000000000.0,[],[],0,
2025/2026,2025,super_lig,Konyaspor,3835000000.0,[],[],0,
2025/2026,2025,super_lig,Alanyaspor,3085000000.0,[],[],0,
2025/2026,2025,super_lig,Gaziantep FK,3000000000.0,[],[],0,
2025/2026,2025,super_lig,Kayserispor,2790000000.0,[],[],0,
2025/2026,2025,super_lig,Kasimpasa,2775000000.0,[],[],0,
2025/2026,2025,super_lig,Genclerbirligi Ankara,2725000000.0,[],[],0,
2025/2026,2025,super_lig,Kocaelispor,2550000000.0,[],[],0,
2025/2026,2025,super_lig,Antalyaspor,2240000000.0,[],[],0,
2025/2026,2025,super_lig,Fatih Karagümrük,1485000000.0,[],[],0,
2025/2026,2025,super_lig,Eyüpspor,1375000000.0,[],[],0,
2021/2022,2021,premier_league,Manchester City,131.0,[],[],0,
2021/2022,2021,premier_league,Liverpool FC,102.0,[],[],0,
2021/2022,2021,premier_league,Chelsea FC,116.0,[],[],0,
2021/2022,2021,premier_league,Manchester United,75415000000.0,[],[],0,
2021/2022,2021,premier_league,Tottenham Hotspur,80250000000.0,[],[],0,
2021/2022,2021,premier_league,Arsenal FC,123.0,[],[],0,
2021/2022,2021,premier_league,Leicester City,14515000000.0,[],[],0,
2021/2022,2021,premier_league,Aston Villa,54750000000.0,[],[],0,
2021/2022,2021,premier_league,Everton FC,45045000000.0,[],[],0,
2021/2022,2021,premier_league,Wolverhampton Wanderers,27710000000.0,[],[],0,
2021/2022,2021,premier_league,West Ham United,36295000000.0,[],[],0,
2021/2022,2021,premier_league,Brighton & Hove Albion,49400000000.0,[],[],0,
2021/2022,2021,premier_league,Newcastle United,70825000000.0,[],[],0,
2021/2022,2021,premier_league,Leeds United,34603000000.0,[],[],0,
2021/2022,2021,premier_league,Southampton FC,15760000000.0,[],[],0,
2021/2022,2021,premier_league,Brentford FC,47040000000.0,[],[],0,
2021/2022,2021,premier_league,Crystal Palace,54130000000.0,[],[],0,
2021/2022,2021,premier_league,Norwich City,9845000000.0,[],[],0,
2021/2022,2021,premier_league,Watford FC,7985000000.0,[],[],0,
2021/2022,2021,premier_league,Burnley FC,25265000000.0,[],[],0,
2022/2023,2022,premier_league,Manchester City,131.0,[],[],0,
2022/2023,2022,premier_league,Arsenal FC,123.0,[],[],0,
2022/2023,2022,premier_league,Chelsea FC,116.0,[],[],0,
2022/2023,2022,premier_league,Manchester United,75415000000.0,[],[],0,
2022/2023,2022,premier_league,Liverpool FC,102.0,[],[],0,
2022/2023,2022,premier_league,Tottenham Hotspur,80250000000.0,[],[],0,
2022/2023,2022,premier_league,Newcastle United,70825000000.0,[],[],0,
2022/2023,2022,premier_league,Brighton & Hove Albion,49400000000.0,[],[],0,
2022/2023,2022,premier_league,Aston Villa,54750000000.0,[],[],0,
2022/2023,2022,premier_league,Wolverhampton Wanderers,27710000000.0,[],[],0,
2022/2023,2022,premier_league,Leicester City,14515000000.0,[],[],0,
2022/2023,2022,premier_league,West Ham United,36295000000.0,[],[],0,
2022/2023,2022,premier_league,Southampton FC,15760000000.0,[],[],0,
2022/2023,2022,premier_league,Everton FC,45045000000.0,[],[],0,
2022/2023,2022,premier_league,Nottingham Forest,56800000000.0,[],[],0,
2022/2023,2022,premier_league,Brentford FC,47040000000.0,[],[],0,
2022/2023,2022,premier_league,Leeds United,34603000000.0,[],[],0,
2022/2023,2022,premier_league,Crystal Palace,54130000000.0,[],[],0,
2022/2023,2022,premier_league,Fulham FC,38695000000.0,[],[],0,
2022/2023,2022,premier_league,AFC Bournemouth,50710000000.0,[],[],0,
2023/2024,2023,premier_league,Manchester City,131.0,[],[],0,
2023/2024,2023,premier_league,Arsenal FC,123.0,[],[],0,
2023/2024,2023,premier_league,Chelsea FC,116.0,[],[],0,
2023/2024,2023,premier_league,Liverpool FC,102.0,[],[],0,
2023/2024,2023,premier_league,Tottenham Hotspur,80250000000.0,[],[],0,
2023/2024,2023,premier_league,Manchester United,75415000000.0,[],[],0,
2023/2024,2023,premier_league,Aston Villa,54750000000.0,[],[],0,
2023/2024,2023,premier_league,Newcastle United,70825000000.0,[],[],0,
2023/2024,2023,premier_league,Brighton & Hove Albion,49400000000.0,[],[],0,
2023/2024,2023,premier_league,Nottingham Forest,56800000000.0,[],[],0,
2023/2024,2023,premier_league,West Ham United,36295000000.0,[],[],0,
2023/2024,2023,premier_league,Crystal Palace,54130000000.0,[],[],0,
2023/2024,2023,premier_league,Wolverhampton Wanderers,27710000000.0,[],[],0,
2023/2024,2023,premier_league,Brentford FC,47040000000.0,[],[],0,
2023/2024,2023,premier_league,AFC Bournemouth,50710000000.0,[],[],0,
2023/2024,2023,premier_league,Everton FC,45045000000.0,[],[],0,
2023/2024,2023,premier_league,Fulham FC,38695000000.0,[],[],0,
2023/2024,2023,premier_league,Burnley FC,25265000000.0,[],[],0,
2023/2024,2023,premier_league,Sheffield United,13250000000.0,[],[],0,
2023/2024,2023,premier_league,Luton Town,2908000000.0,[],[],0,
2024/2025,2024,premier_league,Manchester City,131.0,[],[],0,
2024/2025,2024,premier_league,Chelsea FC,116.0,[],[],0,
2024/2025,2024,premier_league,Arsenal FC,123.0,[],[],0,
2024/2025,2024,premier_league,Liverpool FC,102.0,[],[],0,
2024/2025,2024,premier_league,Manchester United,75415000000.0,[],[],0,
2024/2025,2024,premier_league,Tottenham Hotspur,80250000000.0,[],[],0,
2024/2025,2024,premier_league,Aston Villa,54750000000.0,[],[],0,
2024/2025,2024,premier_league,Newcastle United,70825000000.0,[],[],0,
2024/2025,2024,premier_league,Brighton & Hove Albion,49400000000.0,[],[],0,
2024/2025,2024,premier_league,Crystal Palace,54130000000.0,[],[],0,
2024/2025,2024,premier_league,AFC Bournemouth,50710000000.0,[],[],0,
2024/2025,2024,premier_league,Nottingham Forest,56800000000.0,[],[],0,
2024/2025,2024,premier_league,Wolverhampton Wanderers,27710000000.0,[],[],0,
2024/2025,2024,premier_league,Brentford FC,47040000000.0,[],[],0,
2024/2025,2024,premier_league,West Ham United,36295000000.0,[],[],0,
2024/2025,2024,premier_league,Everton FC,45045000000.0,[],[],0,
2024/2025,2024,premier_league,Fulham FC,38695000000.0,[],[],0,
2024/2025,2024,premier_league,Southampton FC,15760000000.0,[],[],0,
2024/2025,2024,premier_league,Ipswich Town,19865000000.0,[],[],0,
2024/2025,2024,premier_league,Leicester City,14515000000.0,[],[],0,
2025/2026,2025,premier_league,Manchester City,131.0,[],[],0,
2025/2026,2025,premier_league,Arsenal FC,123.0,[],[],0,
2025/2026,2025,premier_league,Chelsea FC,116.0,[],[],0,
2025/2026,2025,premier_league,Liverpool FC,102.0,[],[],0,
2025/2026,2025,premier_league,Tottenham Hotspur,80250000000.0,[],[],0,
2025/2026,2025,premier_league,Manchester United,75415000000.0,[],[],0,
2025/2026,2025,premier_league,Newcastle United,70825000000.0,[],[],0,
2025/2026,2025,premier_league,Nottingham Forest,56800000000.0,[],[],0,
2025/2026,2025,premier_league,Aston Villa,54750000000.0,[],[],0,
2025/2026,2025,premier_league,Crystal Palace,54130000000.0,[],[],0,
2025/2026,2025,premier_league,AFC Bournemouth,50710000000.0,[],[],0,
2025/2026,2025,premier_league,Brighton & Hove Albion,49400000000.0,[],[],0,
2025/2026,2025,premier_league,Brentford FC,47040000000.0,[],[],0,
2025/2026,2025,premier_league,Everton FC,45045000000.0,[],[],0,
2025/2026,2025,premier_league,Fulham FC,38695000000.0,[],[],0,
2025/2026,2025,premier_league,Sunderland AFC,38195000000.0,[],[],0,
2025/2026,2025,premier_league,West Ham United,36295000000.0,[],[],0,
2025/2026,2025,premier_league,Leeds United,34603000000.0,[],[],0,
2025/2026,2025,premier_league,Wolverhampton Wanderers,27710000000.0,[],[],0,
2025/2026,2025,premier_league,Burnley FC,25265000000.0,[],[],0,
2021/2022,2021,bundesliga,Bayern Munich,96595000000.0,[],[],0,
2021/2022,2021,bundesliga,Borussia Dortmund,49840000000.0,[],[],0,
2021/2022,2021,bundesliga,RB Leipzig,47155000000.0,[],[],0,
2021/2022,2021,bundesliga,Bayer 04 Leverkusen,44975000000.0,[],[],0,
2021/2022,2021,bundesliga,VfL Wolfsburg,23460000000.0,[],[],0,
2021/2022,2021,bundesliga,Borussia Mönchengladbach,14930000000.0,[],[],0,
2021/2022,2021,bundesliga,Eintracht Frankfurt,38855000000.0,[],[],0,
2021/2022,2021,bundesliga,TSG 1899 Hoffenheim,24610000000.0,[],[],0,
2021/2022,2021,bundesliga,SC Freiburg,19100000000.0,[],[],0,
2021/2022,2021,bundesliga,VfB Stuttgart,38310000000.0,[],[],0,
2021/2022,2021,bundesliga,Hertha BSC,6263000000.0,[],[],0,
2021/2022,2021,bundesliga,1.FSV Mainz 05,13870000000.0,[],[],0,
2021/2022,2021,bundesliga,1.FC Union Berlin,12385000000.0,[],[],0,
2021/2022,2021,bundesliga,1.FC Köln,13685000000.0,[],[],0,
2021/2022,2021,bundesliga,FC Augsburg,15915000000.0,[],[],0,
2021/2022,2021,bundesliga,Arminia Bielefeld,1850000000.0,[],[],0,
2021/2022,2021,bundesliga,VfL Bochum,4795000000.0,[],[],0,
2021/2022,2021,bundesliga,SpVgg Greuther Fürth,2673000000.0,[],[],0,
2022/2023,2022,bundesliga,Bayern Munich,96595000000.0,[],[],0,
2022/2023,2022,bundesliga,Borussia Dortmund,49840000000.0,[],[],0,
2022/2023,2022,bundesliga,RB Leipzig,47155000000.0,[],[],0,
2022/2023,2022,bundesliga,Bayer 04 Leverkusen,44975000000.0,[],[],0,
2022/2023,2022,bundesliga,Eintracht Frankfurt,38855000000.0,[],[],0,
2022/2023,2022,bundesliga,Borussia Mönchengladbach,14930000000.0,[],[],0,
2022/2023,2022,bundesliga,VfL Wolfsburg,23460000000.0,[],[],0,
2022/2023,2022,bundesliga,SC Freiburg,19100000000.0,[],[],0,
2022/2023,2022,bundesliga,TSG 1899 Hoffenheim,24610000000.0,[],[],0,
2022/2023,2022,bundesliga,1.FC Union Berlin,12385000000.0,[],[],0,
2022/2023,2022,bundesliga,VfB Stuttgart,38310000000.0,[],[],0,
2022/2023,2022,bundesliga,1.FSV Mainz 05,13870000000.0,[],[],0,
2022/2023,2022,bundesliga,FC Augsburg,15915000000.0,[],[],0,
2022/2023,2022,bundesliga,1.FC Köln,13685000000.0,[],[],0,
2022/2023,2022,bundesliga,Hertha BSC,6263000000.0,[],[],0,
2022/2023,2022,bundesliga,SV Werder Bremen,17630000000.0,[],[],0,
2022/2023,2022,bundesliga,FC Schalke 04,4523000000.0,[],[],0,
2022/2023,2022,bundesliga,VfL Bochum,4795000000.0,[],[],0,
2023/2024,2023,bundesliga,Bayern Munich,96595000000.0,[],[],0,
2023/2024,2023,bundesliga,Bayer 04 Leverkusen,44975000000.0,[],[],0,
2023/2024,2023,bundesliga,RB Leipzig,47155000000.0,[],[],0,
2023/2024,2023,bundesliga,Borussia Dortmund,49840000000.0,[],[],0,
2023/2024,2023,bundesliga,VfB Stuttgart,38310000000.0,[],[],0,
2023/2024,2023,bundesliga,Eintracht Frankfurt,38855000000.0,[],[],0,
2023/2024,2023,bundesliga,VfL Wolfsburg,23460000000.0,[],[],0,
2023/2024,2023,bundesliga,SC Freiburg,19100000000.0,[],[],0,
2023/2024,2023,bundesliga,TSG 1899 Hoffenheim,24610000000.0,[],[],0,
2023/2024,2023,bundesliga,Borussia Mönchengladbach,14930000000.0,[],[],0,
2023/2024,2023,bundesliga,1.FC Union Berlin,12385000000.0,[],[],0,
2023/2024,2023,bundesliga,1.FSV Mainz 05,13870000000.0,[],[],0,
2023/2024,2023,bundesliga,FC Augsburg,15915000000.0,[],[],0,
2023/2024,2023,bundesliga,SV Werder Bremen,17630000000.0,[],[],0,
2023/2024,2023,bundesliga,1.FC Köln,13685000000.0,[],[],0,
2023/2024,2023,bundesliga,1.FC Heidenheim 1846,6405000000.0,[],[],0,
2023/2024,2023,bundesliga,VfL Bochum,4795000000.0,[],[],0,
2023/2024,2023,bundesliga,SV Darmstadt 98,3290000000.0,[],[],0,
2024/2025,2024,bundesliga,Bayern Munich,96595000000.0,[],[],0,
2024/2025,2024,bundesliga,Bayer 04 Leverkusen,44975000000.0,[],[],0,
2024/2025,2024,bundesliga,RB Leipzig,47155000000.0,[],[],0,
2024/2025,2024,bundesliga,Borussia Dortmund,49840000000.0,[],[],0,
2024/2025,2024,bundesliga,Eintracht Frankfurt,38855000000.0,[],[],0,
2024/2025,2024,bundesliga,VfB Stuttgart,38310000000.0,[],[],0,
2024/2025,2024,bundesliga,VfL Wolfsburg,23460000000.0,[],[],0,
2024/2025,2024,bundesliga,Borussia Mönchengladbach,14930000000.0,[],[],0,
2024/2025,2024,bundesliga,TSG 1899 Hoffenheim,24610000000.0,[],[],0,
2024/2025,2024,bundesliga,SC Freiburg,19100000000.0,[],[],0,
2024/2025,2024,bundesliga,1.FSV Mainz 05,13870000000.0,[],[],0,
2024/2025,2024,bundesliga,FC Augsburg,15915000000.0,[],[],0,
2024/2025,2024,bundesliga,1.FC Union Berlin,12385000000.0,[],[],0,
2024/2025,2024,bundesliga,SV Werder Bremen,17630000000.0,[],[],0,
2024/2025,2024,bundesliga,1.FC Heidenheim 1846,6405000000.0,[],[],0,
2024/2025,2024,bundesliga,FC St. Pauli,6965000000.0,[],[],0,
2024/2025,2024,bundesliga,VfL Bochum,4795000000.0,[],[],0,
2024/2025,2024,bundesliga,Holstein Kiel,3230000000.0,[],[],0,
2025/2026,2025,bundesliga,Bayern Munich,96595000000.0,[],[],0,
2025/2026,2025,bundesliga,Borussia Dortmund,49840000000.0,[],[],0,
2025/2026,2025,bundesliga,RB Leipzig,47155000000.0,[],[],0,
2025/2026,2025,bundesliga,Bayer 04 Leverkusen,44975000000.0,[],[],0,
2025/2026,2025,bundesliga,Eintracht Frankfurt,38855000000.0,[],[],0,
2025/2026,2025,bundesliga,VfB Stuttgart,38310000000.0,[],[],0,
2025/2026,2025,bundesliga,TSG 1899 Hoffenheim,24610000000.0,[],[],0,
2025/2026,2025,bundesliga,VfL Wolfsburg,23460000000.0,[],[],0,
2025/2026,2025,bundesliga,SC Freiburg,19100000000.0,[],[],0,
2025/2026,2025,bundesliga,SV Werder Bremen,17630000000.0,[],[],0,
2025/2026,2025,bundesliga,Hamburger SV,16878000000.0,[],[],0,
2025/2026,2025,bundesliga,FC Augsburg,15915000000.0,[],[],0,
2025/2026,2025,bundesliga,Borussia Mönchengladbach,14930000000.0,[],[],0,
2025/2026,2025,bundesliga,1.FSV Mainz 05,13870000000.0,[],[],0,
2025/2026,2025,bundesliga,1.FC Köln,13685000000.0,[],[],0,
2025/2026,2025,bundesliga,1.FC Union Berlin,12385000000.0,[],[],0,
2025/2026,2025,bundesliga,FC St. Pauli,6965000000.0,[],[],0,
2025/2026,2025,bundesliga,1.FC Heidenheim 1846,6405000000.0,[],[],0,
2021/2022,2021,laliga,Real Madrid,134.0,[],[],0,
2021/2022,2021,laliga,FC Barcelona,117.0,[],[],0,
2021/2022,2021,laliga,Atlético de Madrid,58700000000.0,[],[],0,
2021/2022,2021,laliga,Villarreal CF,28630000000.0,[],[],0,
2021/2022,2021,laliga,Sevilla FC,14040000000.0,[],[],0,
2021/2022,2021,laliga,Real Sociedad,27270000000.0,[],[],0,
2021/2022,2021,laliga,Valencia CF,16360000000.0,[],[],0,
2021/2022,2021,laliga,Real Betis Balompié,24880000000.0,[],[],0,
2021/2022,2021,laliga,Athletic Bilbao,28300000000.0,[],[],0,
2021/2022,2021,laliga,Getafe CF,8290000000.0,[],[],0,
2021/2022,2021,laliga,RCD Espanyol Barcelona,12420000000.0,[],[],0,
2021/2022,2021,laliga,Celta de Vigo,17290000000.0,[],[],0,
2021/2022,2021,laliga,CA Osasuna,10080000000.0,[],[],0,
2021/2022,2021,laliga,Granada CF,2280000000.0,[],[],0,
2021/2022,2021,laliga,Levante UD,8670000000.0,[],[],0,
2021/2022,2021,laliga,RCD Mallorca,8900000000.0,[],[],0,
2021/2022,2021,laliga,Elche CF,8510000000.0,[],[],0,
2021/2022,2021,laliga,Cádiz CF,2260000000.0,[],[],0,
2021/2022,2021,laliga,Rayo Vallecano,10730000000.0,[],[],0,
2021/2022,2021,laliga,Deportivo Alavés,6690000000.0,[],[],0,
2022/2023,2022,laliga,Real Madrid,134.0,[],[],0,
2022/2023,2022,laliga,FC Barcelona,117.0,[],[],0,
2022/2023,2022,laliga,Atlético de Madrid,58700000000.0,[],[],0,
2022/2023,2022,laliga,Real Sociedad,27270000000.0,[],[],0,
2022/2023,2022,laliga,Villarreal CF,28630000000.0,[],[],0,
2022/2023,2022,laliga,Valencia CF,16360000000.0,[],[],0,
2022/2023,2022,laliga,Real Betis Balompié,24880000000.0,[],[],0,
2022/2023,2022,laliga,Sevilla FC,14040000000.0,[],[],0,
2022/2023,2022,laliga,Athletic Bilbao,28300000000.0,[],[],0,
2022/2023,2022,laliga,CA Osasuna,10080000000.0,[],[],0,
2022/2023,2022,laliga,Girona FC,15320000000.0,[],[],0,
2022/2023,2022,laliga,Celta de Vigo,17290000000.0,[],[],0,
2022/2023,2022,laliga,Getafe CF,8290000000.0,[],[],0,
2022/2023,2022,laliga,RCD Espanyol Barcelona,12420000000.0,[],[],0,
2022/2023,2022,laliga,UD Almería,5030000000.0,[],[],0,
2022/2023,2022,laliga,RCD Mallorca,8900000000.0,[],[],0,
2022/2023,2022,laliga,Rayo Vallecano,10730000000.0,[],[],0,
2022/2023,2022,laliga,Real Valladolid CF,3170000000.0,[],[],0,
2022/2023,2022,laliga,Elche CF,8510000000.0,[],[],0,
2022/2023,2022,laliga,Cádiz CF,2260000000.0,[],[],0,
2023/2024,2023,laliga,Real Madrid,134.0,[],[],0,
2023/2024,2023,laliga,FC Barcelona,117.0,[],[],0,
2023/2024,2023,laliga,Real Sociedad,27270000000.0,[],[],0,
2023/2024,2023,laliga,Atlético de Madrid,58700000000.0,[],[],0,
2023/2024,2023,laliga,Girona FC,15320000000.0,[],[],0,
2023/2024,2023,laliga,Athletic Bilbao,28300000000.0,[],[],0,
2023/2024,2023,laliga,Villarreal CF,28630000000.0,[],[],0,
2023/2024,2023,laliga,Valencia CF,16360000000.0,[],[],0,
2023/2024,2023,laliga,Sevilla FC,14040000000.0,[],[],0,
2023/2024,2023,laliga,Real Betis Balompié,24880000000.0,[],[],0,
2023/2024,2023,laliga,Celta de Vigo,17290000000.0,[],[],0,
2023/2024,2023,laliga,Granada CF,2280000000.0,[],[],0,
2023/2024,2023,laliga,Getafe CF,8290000000.0,[],[],0,
2023/2024,2023,laliga,Deportivo Alavés,6690000000.0,[],[],0,
2023/2024,2023,laliga,UD Las Palmas,4500000000.0,[],[],0,
2023/2024,2023,laliga,CA Osasuna,10080000000.0,[],[],0,
2023/2024,2023,laliga,UD Almería,5030000000.0,[],[],0,
2023/2024,2023,laliga,RCD Mallorca,8900000000.0,[],[],0,
2023/2024,2023,laliga,Rayo Vallecano,10730000000.0,[],[],0,
2023/2024,2023,laliga,Cádiz CF,2260000000.0,[],[],0,
2024/2025,2024,laliga,Real Madrid,134.0,[],[],0,
2024/2025,2024,laliga,FC Barcelona,117.0,[],[],0,
2024/2025,2024,laliga,Atlético de Madrid,58700000000.0,[],[],0,
2024/2025,2024,laliga,Athletic Bilbao,28300000000.0,[],[],0,
2024/2025,2024,laliga,Real Sociedad,27270000000.0,[],[],0,
2024/2025,2024,laliga,Real Betis Balompié,24880000000.0,[],[],0,
2024/2025,2024,laliga,Villarreal CF,28630000000.0,[],[],0,
2024/2025,2024,laliga,Valencia CF,16360000000.0,[],[],0,
2024/2025,2024,laliga,Sevilla FC,14040000000.0,[],[],0,
2024/2025,2024,laliga,Girona FC,15320000000.0,[],[],0,
2024/2025,2024,laliga,Celta de Vigo,17290000000.0,[],[],0,
2024/2025,2024,laliga,UD Las Palmas,4500000000.0,[],[],0,
2024/2025,2024,laliga,RCD Espanyol Barcelona,12420000000.0,[],[],0,
2024/2025,2024,laliga,CA Osasuna,10080000000.0,[],[],0,
2024/2025,2024,laliga,Deportivo Alavés,6690000000.0,[],[],0,
2024/2025,2024,laliga,Getafe CF,8290000000.0,[],[],0,
2024/2025,2024,laliga,RCD Mallorca,8900000000.0,[],[],0,
2024/2025,2024,laliga,Real Valladolid CF,3170000000.0,[],[],0,
2024/2025,2024,laliga,Rayo Vallecano,10730000000.0,[],[],0,
2024/2025,2024,laliga,CD Leganés,2130000000.0,[],[],0,
2025/2026,2025,laliga,Real Madrid,134.0,[],[],0,
2025/2026,2025,laliga,FC Barcelona,117.0,[],[],0,
2025/2026,2025,laliga,Atlético de Madrid,58700000000.0,[],[],0,
2025/2026,2025,laliga,Villarreal CF,28630000000.0,[],[],0,
2025/2026,2025,laliga,Athletic Bilbao,28300000000.0,[],[],0,
2025/2026,2025,laliga,Real Sociedad,27270000000.0,[],[],0,
2025/2026,2025,laliga,Real Betis Balompié,24880000000.0,[],[],0,
2025/2026,2025,laliga,Celta de Vigo,17290000000.0,[],[],0,
2025/2026,2025,laliga,Valencia CF,16360000000.0,[],[],0,
2025/2026,2025,laliga,Girona FC,15320000000.0,[],[],0,
2025/2026,2025,laliga,Sevilla FC,14040000000.0,[],[],0,
2025/2026,2025,laliga,RCD Espanyol Barcelona,12420000000.0,[],[],0,
2025/2026,2025,laliga,Rayo Vallecano,10730000000.0,[],[],0,
2025/2026,2025,laliga,CA Osasuna,10080000000.0,[],[],0,
2025/2026,2025,laliga,RCD Mallorca,8900000000.0,[],[],0,
2025/2026,2025,laliga,Levante UD,8670000000.0,[],[],0,
2025/2026,2025,laliga,Elche CF,8510000000.0,[],[],0,
2025/2026,2025,laliga,Getafe CF,8290000000.0,[],[],0,
2025/2026,2025,laliga,Deportivo Alavés,6690000000.0,[],[],0,
2025/2026,2025,laliga,Real Oviedo,6330000000.0,[],[],0,
2021/2022,2021,serie_a,Juventus FC,54420000000.0,[],[],0,
2021/2022,2021,serie_a,Inter Milan,63630000000.0,[],[],0,
2021/2022,2021,serie_a,AC Milan,48350000000.0,[],[],0,
2021/2022,2021,serie_a,SSC Napoli,41730000000.0,[],[],0,
2021/2022,2021,serie_a,Atalanta BC,40310000000.0,[],[],0,
2021/2022,2021,serie_a,AS Roma,45450000000.0,[],[],0,
2021/2022,2021,serie_a,ACF Fiorentina,24385000000.0,[],[],0,
2021/2022,2021,serie_a,SS Lazio,21755000000.0,[],[],0,
2021/2022,2021,serie_a,US Sassuolo,18410000000.0,[],[],0,
2021/2022,2021,serie_a,Torino FC,13490000000.0,[],[],0,
2021/2022,2021,serie_a,Bologna FC 1909,27500000000.0,[],[],0,
2021/2022,2021,serie_a,Hellas Verona,9353000000.0,[],[],0,
2021/2022,2021,serie_a,Udinese Calcio,15255000000.0,[],[],0,
2021/2022,2021,serie_a,Cagliari Calcio,14490000000.0,[],[],0,
2021/2022,2021,serie_a,UC Sampdoria,4155000000.0,[],[],0,
2021/2022,2021,serie_a,FC Empoli,3455000000.0,[],[],0,
2021/2022,2021,serie_a,Genoa CFC,15060000000.0,[],[],0,
2021/2022,2021,serie_a,Venezia FC,6483000000.0,[],[],0,
2021/2022,2021,serie_a,Spezia Calcio,3540000000.0,[],[],0,
2021/2022,2021,serie_a,US Salernitana 1919,880000000.0,[],[],0,
2022/2023,2022,serie_a,SSC Napoli,41730000000.0,[],[],0,
2022/2023,2022,serie_a,Inter Milan,63630000000.0,[],[],0,
2022/2023,2022,serie_a,AC Milan,48350000000.0,[],[],0,
2022/2023,2022,serie_a,Juventus FC,54420000000.0,[],[],0,
2022/2023,2022,serie_a,AS Roma,45450000000.0,[],[],0,
2022/2023,2022,serie_a,Atalanta BC,40310000000.0,[],[],0,
2022/2023,2022,serie_a,SS Lazio,21755000000.0,[],[],0,
2022/2023,2022,serie_a,ACF Fiorentina,24385000000.0,[],[],0,
2022/2023,2022,serie_a,US Sassuolo,18410000000.0,[],[],0,
2022/2023,2022,serie_a,Torino FC,13490000000.0,[],[],0,
2022/2023,2022,serie_a,Udinese Calcio,15255000000.0,[],[],0,
2022/2023,2022,serie_a,Bologna FC 1909,27500000000.0,[],[],0,
2022/2023,2022,serie_a,AC Monza,4655000000.0,[],[],0,
2022/2023,2022,serie_a,FC Empoli,3455000000.0,[],[],0,
2022/2023,2022,serie_a,Hellas Verona,9353000000.0,[],[],0,
2022/2023,2022,serie_a,US Salernitana 1919,880000000.0,[],[],0,
2022/2023,2022,serie_a,Spezia Calcio,3540000000.0,[],[],0,
2022/2023,2022,serie_a,US Lecce,9348000000.0,[],[],0,
2022/2023,2022,serie_a,US Cremonese,7220000000.0,[],[],0,
2022/2023,2022,serie_a,UC Sampdoria,4155000000.0,[],[],0,
2023/2024,2023,serie_a,Inter Milan,63630000000.0,[],[],0,
2023/2024,2023,serie_a,AC Milan,48350000000.0,[],[],0,
2023/2024,2023,serie_a,SSC Napoli,41730000000.0,[],[],0,
2023/2024,2023,serie_a,Juventus FC,54420000000.0,[],[],0,
2023/2024,2023,serie_a,Atalanta BC,40310000000.0,[],[],0,
2023/2024,2023,serie_a,Bologna FC 1909,27500000000.0,[],[],0,
2023/2024,2023,serie_a,AS Roma,45450000000.0,[],[],0,
2023/2024,2023,serie_a,ACF Fiorentina,24385000000.0,[],[],0,
2023/2024,2023,serie_a,Torino FC,13490000000.0,[],[],0,
2023/2024,2023,serie_a,SS Lazio,21755000000.0,[],[],0,
2023/2024,2023,serie_a,Genoa CFC,15060000000.0,[],[],0,
2023/2024,2023,serie_a,Udinese Calcio,15255000000.0,[],[],0,
2023/2024,2023,serie_a,AC Monza,4655000000.0,[],[],0,
2023/2024,2023,serie_a,Hellas Verona,9353000000.0,[],[],0,
2023/2024,2023,serie_a,US Sassuolo,18410000000.0,[],[],0,
2023/2024,2023,serie_a,Frosinone Calcio,4080000000.0,[],[],0,
2023/2024,2023,serie_a,US Lecce,9348000000.0,[],[],0,
2023/2024,2023,serie_a,FC Empoli,3455000000.0,[],[],0,
2023/2024,2023,serie_a,US Salernitana 1919,880000000.0,[],[],0,
2023/2024,2023,serie_a,Cagliari Calcio,14490000000.0,[],[],0,
2024/2025,2024,serie_a,Inter Milan,63630000000.0,[],[],0,
2024/2025,2024,serie_a,Juventus FC,54420000000.0,[],[],0,
2024/2025,2024,serie_a,AC Milan,48350000000.0,[],[],0,
2024/2025,2024,serie_a,Atalanta BC,40310000000.0,[],[],0,
2024/2025,2024,serie_a,SSC Napoli,41730000000.0,[],[],0,
2024/2025,2024,serie_a,AS Roma,45450000000.0,[],[],0,
2024/2025,2024,serie_a,ACF Fiorentina,24385000000.0,[],[],0,
2024/2025,2024,serie_a,Bologna FC 1909,27500000000.0,[],[],0,
2024/2025,2024,serie_a,SS Lazio,21755000000.0,[],[],0,
2024/2025,2024,serie_a,Torino FC,13490000000.0,[],[],0,
2024/2025,2024,serie_a,Como 1907,35170000000.0,[],[],0,
2024/2025,2024,serie_a,Udinese Calcio,15255000000.0,[],[],0,
2024/2025,2024,serie_a,Genoa CFC,15060000000.0,[],[],0,
2024/2025,2024,serie_a,Parma Calcio 1913,17250000000.0,[],[],0,
2024/2025,2024,serie_a,US Lecce,9348000000.0,[],[],0,
2024/2025,2024,serie_a,Hellas Verona,9353000000.0,[],[],0,
2024/2025,2024,serie_a,FC Empoli,3455000000.0,[],[],0,
2024/2025,2024,serie_a,AC Monza,4655000000.0,[],[],0,
2024/2025,2024,serie_a,Venezia FC,6483000000.0,[],[],0,
2024/2025,2024,serie_a,Cagliari Calcio,14490000000.0,[],[],0,
2025/2026,2025,serie_a,Inter Milan,63630000000.0,[],[],0,
2025/2026,2025,serie_a,Juventus FC,54420000000.0,[],[],0,
2025/2026,2025,serie_a,AC Milan,48350000000.0,[],[],0,
2025/2026,2025,serie_a,AS Roma,45450000000.0,[],[],0,
2025/2026,2025,serie_a,SSC Napoli,41730000000.0,[],[],0,
2025/2026,2025,serie_a,Atalanta BC,40310000000.0,[],[],0,
2025/2026,2025,serie_a,Como 1907,35170000000.0,[],[],0,
2025/2026,2025,serie_a,Bologna FC 1909,27500000000.0,[],[],0,
2025/2026,2025,serie_a,ACF Fiorentina,24385000000.0,[],[],0,
2025/2026,2025,serie_a,SS Lazio,21755000000.0,[],[],0,
2025/2026,2025,serie_a,US Sassuolo,18410000000.0,[],[],0,
2025/2026,2025,serie_a,Parma Calcio 1913,17250000000.0,[],[],0,
2025/2026,2025,serie_a,Udinese Calcio,15255000000.0,[],[],0,
2025/2026,2025,serie_a,Genoa CFC,15060000000.0,[],[],0,
2025/2026,2025,serie_a,Cagliari Calcio,14490000000.0,[],[],0,
2025/2026,2025,serie_a,Torino FC,13490000000.0,[],[],0,
2025/2026,2025,serie_a,Pisa Sporting Club,10620000000.0,[],[],0,
2025/2026,2025,serie_a,Hellas Verona,9353000000.0,[],[],0,
2025/2026,2025,serie_a,US Lecce,9348000000.0,[],[],0,
2025/2026,2025,serie_a,US Cremonese,7220000000.0,[],[],0,
2021/2022,2021,ligue_1,Paris Saint-Germain,120.0,[],[],0,
2021/2022,2021,ligue_1,Olympique Lyon,22475000000.0,[],[],0,
2021/2022,2021,ligue_1,AS Monaco,35905000000.0,[],[],0,
2021/2022,2021,ligue_1,LOSC Lille,23630000000.0,[],[],0,
2021/2022,2021,ligue_1,Stade Rennais FC,19030000000.0,[],[],0,
2021/2022,2021,ligue_1,Olympique Marseille,40000000000.0,[],[],0,
2021/2022,2021,ligue_1,OGC Nice,14700000000.0,[],[],0,
2021/2022,2021,ligue_1,RC Lens,11990000000.0,[],[],0,
2021/2022,2021,ligue_1,Stade Reims,9390000000.0,[],[],0,
2021/2022,2021,ligue_1,Montpellier HSC,2280000000.0,[],[],0,
2021/2022,2021,ligue_1,RC Strasbourg Alsace,29375000000.0,[],[],0,
2021/2022,2021,ligue_1,FC Girondins Bordeaux,100000.0,[],[],0,
2021/2022,2021,ligue_1,FC Nantes,8935000000.0,[],[],0,
2021/2022,2021,ligue_1,AS Saint-Étienne,8265000000.0,[],[],0,
2021/2022,2021,ligue_1,Stade Brestois 29,8130000000.0,[],[],0,
2021/2022,2021,ligue_1,FC Metz,4610000000.0,[],[],0,
2021/2022,2021,ligue_1,Angers SCO,4160000000.0,[],[],0,
2021/2022,2021,ligue_1,ESTAC Troyes,4078000000.0,[],[],0,
2021/2022,2021,ligue_1,FC Lorient,7105000000.0,[],[],0,
2021/2022,2021,ligue_1,Clermont Foot 63,1720000000.0,[],[],0,
2022/2023,2022,ligue_1,Paris Saint-Germain,120.0,[],[],0,
2022/2023,2022,ligue_1,Stade Rennais FC,19030000000.0,[],[],0,
2022/2023,2022,ligue_1,AS Monaco,35905000000.0,[],[],0,
2022/2023,2022,ligue_1,Olympique Lyon,22475000000.0,[],[],0,
2022/2023,2022,ligue_1,Olympique Marseille,40000000000.0,[],[],0,
2022/2023,2022,ligue_1,OGC Nice,14700000000.0,[],[],0,
2022/2023,2022,ligue_1,LOSC Lille,23630000000.0,[],[],0,
2022/2023,2022,ligue_1,RC Lens,11990000000.0,[],[],0,
2022/2023,2022,ligue_1,FC Lorient,7105000000.0,[],[],0,
2022/2023,2022,ligue_1,Stade Reims,9390000000.0,[],[],0,
2022/2023,2022,ligue_1,Montpellier HSC,2280000000.0,[],[],0,
2022/2023,2022,ligue_1,RC Strasbourg Alsace,29375000000.0,[],[],0,
2022/2023,2022,ligue_1,FC Nantes,8935000000.0,[],[],0,
2022/2023,2022,ligue_1,FC Toulouse,10745000000.0,[],[],0,
2022/2023,2022,ligue_1,Stade Brestois 29,8130000000.0,[],[],0,
2022/2023,2022,ligue_1,ESTAC Troyes,4078000000.0,[],[],0,
2022/2023,2022,ligue_1,Angers SCO,4160000000.0,[],[],0,
2022/2023,2022,ligue_1,AJ Auxerre,6985000000.0,[],[],0,
2022/2023,2022,ligue_1,Clermont Foot 63,1720000000.0,[],[],0,
2022/2023,2022,ligue_1,AC Ajaccio,22.0,[],[],0,
2023/2024,2023,ligue_1,Paris Saint-Germain,120.0,[],[],0,
2023/2024,2023,ligue_1,AS Monaco,35905000000.0,[],[],0,
2023/2024,2023,ligue_1,Stade Rennais FC,19030000000.0,[],[],0,
2023/2024,2023,ligue_1,LOSC Lille,23630000000.0,[],[],0,
2023/2024,2023,ligue_1,Olympique Marseille,40000000000.0,[],[],0,
2023/2024,2023,ligue_1,Olympique Lyon,22475000000.0,[],[],0,
2023/2024,2023,ligue_1,OGC Nice,14700000000.0,[],[],0,
2023/2024,2023,ligue_1,RC Lens,11990000000.0,[],[],0,
2023/2024,2023,ligue_1,RC Strasbourg Alsace,29375000000.0,[],[],0,
2023/2024,2023,ligue_1,Montpellier HSC,2280000000.0,[],[],0,
2023/2024,2023,ligue_1,FC Toulouse,10745000000.0,[],[],0,
2023/2024,2023,ligue_1,Stade Reims,9390000000.0,[],[],0,
2023/2024,2023,ligue_1,FC Lorient,7105000000.0,[],[],0,
2023/2024,2023,ligue_1,FC Nantes,8935000000.0,[],[],0,
2023/2024,2023,ligue_1,Stade Brestois 29,8130000000.0,[],[],0,
2023/2024,2023,ligue_1,Le Havre AC,5440000000.0,[],[],0,
2023/2024,2023,ligue_1,FC Metz,4610000000.0,[],[],0,
2023/2024,2023,ligue_1,Clermont Foot 63,1720000000.0,[],[],0,
2024/2025,2024,ligue_1,Paris Saint-Germain,120.0,[],[],0,
2024/2025,2024,ligue_1,AS Monaco,35905000000.0,[],[],0,
2024/2025,2024,ligue_1,Olympique Marseille,40000000000.0,[],[],0,
2024/2025,2024,ligue_1,LOSC Lille,23630000000.0,[],[],0,
2024/2025,2024,ligue_1,Olympique Lyon,22475000000.0,[],[],0,
2024/2025,2024,ligue_1,RC Strasbourg Alsace,29375000000.0,[],[],0,
2024/2025,2024,ligue_1,Stade Rennais FC,19030000000.0,[],[],0,
2024/2025,2024,ligue_1,OGC Nice,14700000000.0,[],[],0,
2024/2025,2024,ligue_1,RC Lens,11990000000.0,[],[],0,
2024/2025,2024,ligue_1,Stade Reims,9390000000.0,[],[],0,
2024/2025,2024,ligue_1,FC Toulouse,10745000000.0,[],[],0,
2024/2025,2024,ligue_1,FC Nantes,8935000000.0,[],[],0,
2024/2025,2024,ligue_1,Stade Brestois 29,8130000000.0,[],[],0,
2024/2025,2024,ligue_1,AJ Auxerre,6985000000.0,[],[],0,
2024/2025,2024,ligue_1,AS Saint-Étienne,8265000000.0,[],[],0,
2024/2025,2024,ligue_1,Le Havre AC,5440000000.0,[],[],0,
2024/2025,2024,ligue_1,Montpellier HSC,2280000000.0,[],[],0,
2024/2025,2024,ligue_1,Angers SCO,4160000000.0,[],[],0,
2025/2026,2025,ligue_1,Paris Saint-Germain,120.0,[],[],0,
2025/2026,2025,ligue_1,Olympique Marseille,40000000000.0,[],[],0,
2025/2026,2025,ligue_1,AS Monaco,35905000000.0,[],[],0,
2025/2026,2025,ligue_1,RC Strasbourg Alsace,29375000000.0,[],[],0,
2025/2026,2025,ligue_1,LOSC Lille,23630000000.0,[],[],0,
2025/2026,2025,ligue_1,Olympique Lyon,22475000000.0,[],[],0,
2025/2026,2025,ligue_1,Stade Rennais FC,19030000000.0,[],[],0,
2025/2026,2025,ligue_1,OGC Nice,14700000000.0,[],[],0,
2025/2026,2025,ligue_1,Paris FC,12135000000.0,[],[],0,
2025/2026,2025,ligue_1,RC Lens,11990000000.0,[],[],0,
2025/2026,2025,ligue_1,FC Toulouse,10745000000.0,[],[],0,
2025/2026,2025,ligue_1,FC Nantes,8935000000.0,[],[],0,
2025/2026,2025,ligue_1,Stade Brestois 29,8130000000.0,[],[],0,
2025/2026,2025,ligue_1,FC Lorient,7105000000.0,[],[],0,
2025/2026,2025,ligue_1,AJ Auxerre,6985000000.0,[],[],0,
2025/2026,2025,ligue_1,Le Havre AC,5440000000.0,[],[],0,
2025/2026,2025,ligue_1,FC Metz,4610000000.0,[],[],0,
2025/2026,2025,ligue_1,Angers SCO,4160000000.0,[],[],0,
2021/2022,2021,liga_portugal,FC Porto,42690000000.0,[],[],0,
2021/2022,2021,liga_portugal,Sporting CP,46450000000.0,[],[],0,
2021/2022,2021,liga_portugal,SL Benfica,36450000000.0,[],[],0,
2021/2022,2021,liga_portugal,SC Braga,15590000000.0,[],[],0,
2021/2022,2021,liga_portugal,Vitória Guimarães SC,3700000000.0,[],[],0,
2021/2022,2021,liga_portugal,FC Famalicão,7190000000.0,[],[],0,
2021/2022,2021,liga_portugal,Boavista FC,100000.0,[],[],0,
2021/2022,2021,liga_portugal,Portimonense SAD,530000000.0,[],[],0,
2021/2022,2021,liga_portugal,GD Estoril Praia,4570000000.0,[],[],0,
2021/2022,2021,liga_portugal,CD Santa Clara,3300000000.0,[],[],0,
2021/2022,2021,liga_portugal,Gil Vicente FC,3645000000.0,[],[],0,
2021/2022,2021,liga_portugal,FC Paços de Ferreira,605000000.0,[],[],0,
2021/2022,2021,liga_portugal,CD Tondela,2415000000.0,[],[],0,
2021/2022,2021,liga_portugal,B SAD,21.0,[],[],0,
2021/2022,2021,liga_portugal,Moreirense FC,2995000000.0,[],[],0,
2021/2022,2021,liga_portugal,FC Arouca,2615000000.0,[],[],0,
2021/2022,2021,liga_portugal,FC Vizela,1090000000.0,[],[],0,
2021/2022,2021,liga_portugal,CS Marítimo,1048000000.0,[],[],0,
2022/2023,2022,liga_portugal,SL Benfica,36450000000.0,[],[],0,
2022/2023,2022,liga_portugal,Sporting CP,46450000000.0,[],[],0,
2022/2023,2022,liga_portugal,FC Porto,42690000000.0,[],[],0,
2022/2023,2022,liga_portugal,SC Braga,15590000000.0,[],[],0,
2022/2023,2022,liga_portugal,Vitória Guimarães SC,3700000000.0,[],[],0,
2022/2023,2022,liga_portugal,FC Famalicão,7190000000.0,[],[],0,
2022/2023,2022,liga_portugal,Gil Vicente FC,3645000000.0,[],[],0,
2022/2023,2022,liga_portugal,GD Estoril Praia,4570000000.0,[],[],0,
2022/2023,2022,liga_portugal,Portimonense SAD,530000000.0,[],[],0,
2022/2023,2022,liga_portugal,Boavista FC,100000.0,[],[],0,
2022/2023,2022,liga_portugal,FC Paços de Ferreira,605000000.0,[],[],0,
2022/2023,2022,liga_portugal,CD Santa Clara,3300000000.0,[],[],0,
2022/2023,2022,liga_portugal,FC Arouca,2615000000.0,[],[],0,
2022/2023,2022,liga_portugal,FC Vizela,1090000000.0,[],[],0,
2022/2023,2022,liga_portugal,Rio Ave FC,3365000000.0,[],[],0,
2022/2023,2022,liga_portugal,GD Chaves,888000000.0,[],[],0,
2022/2023,2022,liga_portugal,Casa Pia AC,2480000000.0,[],[],0,
2022/2023,2022,liga_portugal,CS Marítimo,1048000000.0,[],[],0,
2023/2024,2023,liga_portugal,SL Benfica,36450000000.0,[],[],0,
2023/2024,2023,liga_portugal,Sporting CP,46450000000.0,[],[],0,
2023/2024,2023,liga_portugal,FC Porto,42690000000.0,[],[],0,
2023/2024,2023,liga_portugal,SC Braga,15590000000.0,[],[],0,
2023/2024,2023,liga_portugal,FC Famalicão,7190000000.0,[],[],0,
2023/2024,2023,liga_portugal,Vitória Guimarães SC,3700000000.0,[],[],0,
2023/2024,2023,liga_portugal,GD Estoril Praia,4570000000.0,[],[],0,
2023/2024,2023,liga_portugal,FC Arouca,2615000000.0,[],[],0,
2023/2024,2023,liga_portugal,Gil Vicente FC,3645000000.0,[],[],0,
2023/2024,2023,liga_portugal,Boavista FC,100000.0,[],[],0,
2023/2024,2023,liga_portugal,Moreirense FC,2995000000.0,[],[],0,
2023/2024,2023,liga_portugal,Rio Ave FC,3365000000.0,[],[],0,
2023/2024,2023,liga_portugal,Casa Pia AC,2480000000.0,[],[],0,
2023/2024,2023,liga_portugal,FC Vizela,1090000000.0,[],[],0,
2023/2024,2023,liga_portugal,Portimonense SAD,530000000.0,[],[],0,
2023/2024,2023,liga_portugal,SC Farense,950000000.0,[],[],0,
2023/2024,2023,liga_portugal,CF Estrela Amadora,2100000000.0,[],[],0,
2023/2024,2023,liga_portugal,GD Chaves,888000000.0,[],[],0,
2024/2025,2024,liga_portugal,Sporting CP,46450000000.0,[],[],0,
2024/2025,2024,liga_portugal,FC Porto,42690000000.0,[],[],0,
2024/2025,2024,liga_portugal,SL Benfica,36450000000.0,[],[],0,
2024/2025,2024,liga_portugal,SC Braga,15590000000.0,[],[],0,
2024/2025,2024,liga_portugal,Vitória Guimarães SC,3700000000.0,[],[],0,
2024/2025,2024,liga_portugal,FC Famalicão,7190000000.0,[],[],0,
2024/2025,2024,liga_portugal,Rio Ave FC,3365000000.0,[],[],0,
2024/2025,2024,liga_portugal,GD Estoril Praia,4570000000.0,[],[],0,
2024/2025,2024,liga_portugal,CD Santa Clara,3300000000.0,[],[],0,
2024/2025,2024,liga_portugal,FC Arouca,2615000000.0,[],[],0,
2024/2025,2024,liga_portugal,Gil Vicente FC,3645000000.0,[],[],0,
2024/2025,2024,liga_portugal,Casa Pia AC,2480000000.0,[],[],0,
2024/2025,2024,liga_portugal,Moreirense FC,2995000000.0,[],[],0,
2024/2025,2024,liga_portugal,SC Farense,950000000.0,[],[],0,
2024/2025,2024,liga_portugal,CF Estrela Amadora,2100000000.0,[],[],0,
2024/2025,2024,liga_portugal,CD Nacional,2248000000.0,[],[],0,
2024/2025,2024,liga_portugal,Avs Futebol,1155000000.0,[],[],0,
2024/2025,2024,liga_portugal,Boavista FC,100000.0,[],[],0,
2025/2026,2025,liga_portugal,Sporting CP,46450000000.0,[],[],0,
2025/2026,2025,liga_portugal,FC Porto,42690000000.0,[],[],0,
2025/2026,2025,liga_portugal,SL Benfica,36450000000.0,[],[],0,
2025/2026,2025,liga_portugal,SC Braga,15590000000.0,[],[],0,
2025/2026,2025,liga_portugal,FC Famalicão,7190000000.0,[],[],0,
2025/2026,2025,liga_portugal,GD Estoril Praia,4570000000.0,[],[],0,
2025/2026,2025,liga_portugal,Vitória Guimarães SC,3700000000.0,[],[],0,
2025/2026,2025,liga_portugal,Gil Vicente FC,3645000000.0,[],[],0,
2025/2026,2025,liga_portugal,Rio Ave FC,3365000000.0,[],[],0,
2025/2026,2025,liga_portugal,FC Alverca,3355000000.0,[],[],0,
2025/2026,2025,liga_portugal,CD Santa Clara,3300000000.0,[],[],0,
2025/2026,2025,liga_portugal,Moreirense FC,2995000000.0,[],[],0,
2025/2026,2025,liga_portugal,FC Arouca,2615000000.0,[],[],0,
2025/2026,2025,liga_portugal,Casa Pia AC,2480000000.0,[],[],0,
2025/2026,2025,liga_portugal,CD Tondela,2415000000.0,[],[],0,
2025/2026,2025,liga_portugal,CD Nacional,2248000000.0,[],[],0,
2025/2026,2025,liga_portugal,CF Estrela Amadora,2100000000.0,[],[],0,
2025/2026,2025,liga_portugal,Avs Futebol,1155000000.0,[],[],0,
2021/2022,2021,jupiler_pro_league,Club Brugge KV,23230000000.0,[],[],0,
2021/2022,2021,jupiler_pro_league,KRC Genk,13865000000.0,[],[],0,
2021/2022,2021,jupiler_pro_league,RSC Anderlecht,9875000000.0,[],[],0,
2021/2022,2021,jupiler_pro_league,Royal Antwerp FC,5295000000.0,[],[],0,
2021/2022,2021,jupiler_pro_league,KAA Gent,6275000000.0,[],[],0,
2021/2022,2021,jupiler_pro_league,Standard Liège,4610000000.0,[],[],0,
2021/2022,2021,jupiler_pro_league,Union Saint-Gilloise,12250000000.0,[],[],0,
2021/2022,2021,jupiler_pro_league,Royal Charleroi SC,4150000000.0,[],[],0,
2021/2022,2021,jupiler_pro_league,KV Oostende (-2024),21.0,[],[],0,
2021/2022,2021,jupiler_pro_league,KV Mechelen,4045000000.0,[],[],0,
2021/2022,2021,jupiler_pro_league,Oud-Heverlee Leuven,2965000000.0,[],[],0,
2021/2022,2021,jupiler_pro_league,KV Kortrijk,1265000000.0,[],[],0,
2021/2022,2021,jupiler_pro_league,Sint-Truidense VV,4380000000.0,[],[],0,
2021/2022,2021,jupiler_pro_league,Cercle Brugge,4015000000.0,[],[],0,
2021/2022,2021,jupiler_pro_league,Beerschot VA,1180000000.0,[],[],0,
2021/2022,2021,jupiler_pro_league,KAS Eupen,1170000000.0,[],[],0,
2021/2022,2021,jupiler_pro_league,Zulte Waregem,2375000000.0,[],[],0,
2021/2022,2021,jupiler_pro_league,RFC Seraing,565000000.0,[],[],0,
2022/2023,2022,jupiler_pro_league,Club Brugge KV,23230000000.0,[],[],0,
2022/2023,2022,jupiler_pro_league,KRC Genk,13865000000.0,[],[],0,
2022/2023,2022,jupiler_pro_league,Royal Antwerp FC,5295000000.0,[],[],0,
2022/2023,2022,jupiler_pro_league,RSC Anderlecht,9875000000.0,[],[],0,
2022/2023,2022,jupiler_pro_league,KAA Gent,6275000000.0,[],[],0,
2022/2023,2022,jupiler_pro_league,Union Saint-Gilloise,12250000000.0,[],[],0,
2022/2023,2022,jupiler_pro_league,Standard Liège,4610000000.0,[],[],0,
2022/2023,2022,jupiler_pro_league,Royal Charleroi SC,4150000000.0,[],[],0,
2022/2023,2022,jupiler_pro_league,KVC Westerlo,4545000000.0,[],[],0,
2022/2023,2022,jupiler_pro_league,Cercle Brugge,4015000000.0,[],[],0,
2022/2023,2022,jupiler_pro_league,Oud-Heverlee Leuven,2965000000.0,[],[],0,
2022/2023,2022,jupiler_pro_league,KV Mechelen,4045000000.0,[],[],0,
2022/2023,2022,jupiler_pro_league,KV Kortrijk,1265000000.0,[],[],0,
2022/2023,2022,jupiler_pro_league,Sint-Truidense VV,4380000000.0,[],[],0,
2022/2023,2022,jupiler_pro_league,Zulte Waregem,2375000000.0,[],[],0,
2022/2023,2022,jupiler_pro_league,KAS Eupen,1170000000.0,[],[],0,
2022/2023,2022,jupiler_pro_league,KV Oostende (-2024),22.0,[],[],0,
2022/2023,2022,jupiler_pro_league,RFC Seraing,565000000.0,[],[],0,
2023/2024,2023,jupiler_pro_league,KRC Genk,13865000000.0,[],[],0,
2023/2024,2023,jupiler_pro_league,Club Brugge KV,23230000000.0,[],[],0,
2023/2024,2023,jupiler_pro_league,Royal Antwerp FC,5295000000.0,[],[],0,
2023/2024,2023,jupiler_pro_league,RSC Anderlecht,9875000000.0,[],[],0,
2023/2024,2023,jupiler_pro_league,KAA Gent,6275000000.0,[],[],0,
2023/2024,2023,jupiler_pro_league,Union Saint-Gilloise,12250000000.0,[],[],0,
2023/2024,2023,jupiler_pro_league,Standard Liège,4610000000.0,[],[],0,
2023/2024,2023,jupiler_pro_league,Cercle Brugge,4015000000.0,[],[],0,
2023/2024,2023,jupiler_pro_league,Oud-Heverlee Leuven,2965000000.0,[],[],0,
2023/2024,2023,jupiler_pro_league,KVC Westerlo,4545000000.0,[],[],0,
2023/2024,2023,jupiler_pro_league,Sint-Truidense VV,4380000000.0,[],[],0,
2023/2024,2023,jupiler_pro_league,KV Mechelen,4045000000.0,[],[],0,
2023/2024,2023,jupiler_pro_league,RWD Molenbeek,930000000.0,[],[],0,
2023/2024,2023,jupiler_pro_league,Royal Charleroi SC,4150000000.0,[],[],0,
2023/2024,2023,jupiler_pro_league,KV Kortrijk,1265000000.0,[],[],0,
2023/2024,2023,jupiler_pro_league,KAS Eupen,1170000000.0,[],[],0,
2024/2025,2024,jupiler_pro_league,Club Brugge KV,23230000000.0,[],[],0,
2024/2025,2024,jupiler_pro_league,KRC Genk,13865000000.0,[],[],0,
2024/2025,2024,jupiler_pro_league,Union Saint-Gilloise,12250000000.0,[],[],0,
2024/2025,2024,jupiler_pro_league,RSC Anderlecht,9875000000.0,[],[],0,
2024/2025,2024,jupiler_pro_league,KAA Gent,6275000000.0,[],[],0,
2024/2025,2024,jupiler_pro_league,Royal Antwerp FC,5295000000.0,[],[],0,
2024/2025,2024,jupiler_pro_league,KVC Westerlo,4545000000.0,[],[],0,
2024/2025,2024,jupiler_pro_league,Standard Liège,4610000000.0,[],[],0,
2024/2025,2024,jupiler_pro_league,Cercle Brugge,4015000000.0,[],[],0,
2024/2025,2024,jupiler_pro_league,Oud-Heverlee Leuven,2965000000.0,[],[],0,
2024/2025,2024,jupiler_pro_league,Royal Charleroi SC,4150000000.0,[],[],0,
2024/2025,2024,jupiler_pro_league,KV Mechelen,4045000000.0,[],[],0,
2024/2025,2024,jupiler_pro_league,Sint-Truidense VV,4380000000.0,[],[],0,
2024/2025,2024,jupiler_pro_league,KV Kortrijk,1265000000.0,[],[],0,
2024/2025,2024,jupiler_pro_league,FCV Dender EH,1920000000.0,[],[],0,
2024/2025,2024,jupiler_pro_league,Beerschot VA,1180000000.0,[],[],0,
2025/2026,2025,jupiler_pro_league,Club Brugge KV,23230000000.0,[],[],0,
2025/2026,2025,jupiler_pro_league,KRC Genk,13865000000.0,[],[],0,
2025/2026,2025,jupiler_pro_league,Union Saint-Gilloise,12250000000.0,[],[],0,
2025/2026,2025,jupiler_pro_league,RSC Anderlecht,9875000000.0,[],[],0,
2025/2026,2025,jupiler_pro_league,KAA Gent,6275000000.0,[],[],0,
2025/2026,2025,jupiler_pro_league,Royal Antwerp FC,5295000000.0,[],[],0,
2025/2026,2025,jupiler_pro_league,Standard Liège,4610000000.0,[],[],0,
2025/2026,2025,jupiler_pro_league,KVC Westerlo,4545000000.0,[],[],0,
2025/2026,2025,jupiler_pro_league,Sint-Truidense VV,4380000000.0,[],[],0,
2025/2026,2025,jupiler_pro_league,Royal Charleroi SC,4150000000.0,[],[],0,
2025/2026,2025,jupiler_pro_league,KV Mechelen,4045000000.0,[],[],0,
2025/2026,2025,jupiler_pro_league,Cercle Brugge,4015000000.0,[],[],0,
2025/2026,2025,jupiler_pro_league,Oud-Heverlee Leuven,2965000000.0,[],[],0,
2025/2026,2025,jupiler_pro_league,Zulte Waregem,2375000000.0,[],[],0,
2025/2026,2025,jupiler_pro_league,FCV Dender EH,1920000000.0,[],[],0,
2025/2026,2025,jupiler_pro_league,RAAL La Louvière,1610000000.0,[],[],0,
2021/2022,2021,eredivisie,Ajax Amsterdam,18715000000.0,[],[],0,
2021/2022,2021,eredivisie,PSV Eindhoven,28360000000.0,[],[],0,
2021/2022,2021,eredivisie,Feyenoord Rotterdam,21443000000.0,[],[],0,
2021/2022,2021,eredivisie,AZ Alkmaar,16588000000.0,[],[],0,
2021/2022,2021,eredivisie,Vitesse Arnhem,508000000.0,[],[],0,
2021/2022,2021,eredivisie,FC Utrecht,8060000000.0,[],[],0,
2021/2022,2021,eredivisie,FC Groningen,3400000000.0,[],[],0,
2021/2022,2021,eredivisie,SC Heerenveen,4248000000.0,[],[],0,
2021/2022,2021,eredivisie,FC Twente Enschede,7425000000.0,[],[],0,
2021/2022,2021,eredivisie,Sparta Rotterdam,2915000000.0,[],[],0,
2021/2022,2021,eredivisie,Heracles Almelo,1440000000.0,[],[],0,
2021/2022,2021,eredivisie,Fortuna Sittard,1973000000.0,[],[],0,
2021/2022,2021,eredivisie,Willem II Tilburg,1060000000.0,[],[],0,
2021/2022,2021,eredivisie,NEC Nijmegen,5350000000.0,[],[],0,
2021/2022,2021,eredivisie,PEC Zwolle,2335000000.0,[],[],0,
2021/2022,2021,eredivisie,Go Ahead Eagles,3008000000.0,[],[],0,
2021/2022,2021,eredivisie,SC Cambuur Leeuwarden,1035000000.0,[],[],0,
2021/2022,2021,eredivisie,RKC Waalwijk,818000000.0,[],[],0,
2022/2023,2022,eredivisie,Ajax Amsterdam,18715000000.0,[],[],0,
2022/2023,2022,eredivisie,PSV Eindhoven,28360000000.0,[],[],0,
2022/2023,2022,eredivisie,Feyenoord Rotterdam,21443000000.0,[],[],0,
2022/2023,2022,eredivisie,AZ Alkmaar,16588000000.0,[],[],0,
2022/2023,2022,eredivisie,FC Twente Enschede,7425000000.0,[],[],0,
2022/2023,2022,eredivisie,FC Utrecht,8060000000.0,[],[],0,
2022/2023,2022,eredivisie,SC Heerenveen,4248000000.0,[],[],0,
2022/2023,2022,eredivisie,FC Groningen,3400000000.0,[],[],0,
2022/2023,2022,eredivisie,Vitesse Arnhem,508000000.0,[],[],0,
2022/2023,2022,eredivisie,Sparta Rotterdam,2915000000.0,[],[],0,
2022/2023,2022,eredivisie,Fortuna Sittard,1973000000.0,[],[],0,
2022/2023,2022,eredivisie,NEC Nijmegen,5350000000.0,[],[],0,
2022/2023,2022,eredivisie,FC Volendam,1738000000.0,[],[],0,
2022/2023,2022,eredivisie,Go Ahead Eagles,3008000000.0,[],[],0,
2022/2023,2022,eredivisie,Excelsior Rotterdam,1600000000.0,[],[],0,
2022/2023,2022,eredivisie,SC Cambuur Leeuwarden,1035000000.0,[],[],0,
2022/2023,2022,eredivisie,FC Emmen,770000000.0,[],[],0,
2022/2023,2022,eredivisie,RKC Waalwijk,818000000.0,[],[],0,
2023/2024,2023,eredivisie,PSV Eindhoven,28360000000.0,[],[],0,
2023/2024,2023,eredivisie,Feyenoord Rotterdam,21443000000.0,[],[],0,
2023/2024,2023,eredivisie,Ajax Amsterdam,18715000000.0,[],[],0,
2023/2024,2023,eredivisie,AZ Alkmaar,16588000000.0,[],[],0,
2023/2024,2023,eredivisie,FC Twente Enschede,7425000000.0,[],[],0,
2023/2024,2023,eredivisie,FC Utrecht,8060000000.0,[],[],0,
2023/2024,2023,eredivisie,NEC Nijmegen,5350000000.0,[],[],0,
2023/2024,2023,eredivisie,SC Heerenveen,4248000000.0,[],[],0,
2023/2024,2023,eredivisie,Sparta Rotterdam,2915000000.0,[],[],0,
2023/2024,2023,eredivisie,Fortuna Sittard,1973000000.0,[],[],0,
2023/2024,2023,eredivisie,Vitesse Arnhem,508000000.0,[],[],0,
2023/2024,2023,eredivisie,Excelsior Rotterdam,1600000000.0,[],[],0,
2023/2024,2023,eredivisie,Go Ahead Eagles,3008000000.0,[],[],0,
2023/2024,2023,eredivisie,PEC Zwolle,2335000000.0,[],[],0,
2023/2024,2023,eredivisie,Almere City FC,805000000.0,[],[],0,
2023/2024,2023,eredivisie,Heracles Almelo,1440000000.0,[],[],0,
2023/2024,2023,eredivisie,FC Volendam,1738000000.0,[],[],0,
2023/2024,2023,eredivisie,RKC Waalwijk,818000000.0,[],[],0,
2024/2025,2024,eredivisie,Feyenoord Rotterdam,21443000000.0,[],[],0,
2024/2025,2024,eredivisie,PSV Eindhoven,28360000000.0,[],[],0,
2024/2025,2024,eredivisie,Ajax Amsterdam,18715000000.0,[],[],0,
2024/2025,2024,eredivisie,AZ Alkmaar,16588000000.0,[],[],0,
2024/2025,2024,eredivisie,FC Twente Enschede,7425000000.0,[],[],0,
2024/2025,2024,eredivisie,FC Utrecht,8060000000.0,[],[],0,
2024/2025,2024,eredivisie,SC Heerenveen,4248000000.0,[],[],0,
2024/2025,2024,eredivisie,Sparta Rotterdam,2915000000.0,[],[],0,
2024/2025,2024,eredivisie,Go Ahead Eagles,3008000000.0,[],[],0,
2024/2025,2024,eredivisie,NEC Nijmegen,5350000000.0,[],[],0,
2024/2025,2024,eredivisie,FC Groningen,3400000000.0,[],[],0,
2024/2025,2024,eredivisie,PEC Zwolle,2335000000.0,[],[],0,
2024/2025,2024,eredivisie,Fortuna Sittard,1973000000.0,[],[],0,
2024/2025,2024,eredivisie,NAC Breda,1460000000.0,[],[],0,
2024/2025,2024,eredivisie,Heracles Almelo,1440000000.0,[],[],0,
2024/2025,2024,eredivisie,Almere City FC,805000000.0,[],[],0,
2024/2025,2024,eredivisie,Willem II Tilburg,1060000000.0,[],[],0,
2024/2025,2024,eredivisie,RKC Waalwijk,818000000.0,[],[],0,
2025/2026,2025,eredivisie,PSV Eindhoven,28360000000.0,[],[],0,
2025/2026,2025,eredivisie,Feyenoord Rotterdam,21443000000.0,[],[],0,
2025/2026,2025,eredivisie,Ajax Amsterdam,18715000000.0,[],[],0,
2025/2026,2025,eredivisie,AZ Alkmaar,16588000000.0,[],[],0,
2025/2026,2025,eredivisie,FC Utrecht,8060000000.0,[],[],0,
2025/2026,2025,eredivisie,FC Twente Enschede,7425000000.0,[],[],0,
2025/2026,2025,eredivisie,NEC Nijmegen,5350000000.0,[],[],0,
2025/2026,2025,eredivisie,SC Heerenveen,4248000000.0,[],[],0,
2025/2026,2025,eredivisie,FC Groningen,3400000000.0,[],[],0,
2025/2026,2025,eredivisie,Go Ahead Eagles,3008000000.0,[],[],0,
2025/2026,2025,eredivisie,Sparta Rotterdam,2915000000.0,[],[],0,
2025/2026,2025,eredivisie,PEC Zwolle,2335000000.0,[],[],0,
2025/2026,2025,eredivisie,Fortuna Sittard,1973000000.0,[],[],0,
2025/2026,2025,eredivisie,FC Volendam,1738000000.0,[],[],0,
2025/2026,2025,eredivisie,Excelsior Rotterdam,1600000000.0,[],[],0,
2025/2026,2025,eredivisie,NAC Breda,1460000000.0,[],[],0,
2025/2026,2025,eredivisie,Heracles Almelo,1440000000.0,[],[],0,
2025/2026,2025,eredivisie,SC Telstar,1130000000.0,[],[],0,
